Workbook

Sheet Resumen QA
A1: Plan de testing - Mascotify
A2: Plantilla para probar la app completa, registrar bugs y preparar automatización. Sí, una planilla para que el caos finja tener modales.
A4: Indicador | B4: Valor | D4: Estado | E4: Cantidad | G4: Prioridad | H4: Cantidad
A5: Total de casos | B5: =COUNTA('Casos de test'!A2:A500) -> 80 | D5: Pendiente | E5: =COUNTIF('Casos de test'!I2:I500,D5) -> 80 | G5: Alta | H5: =COUNTIF('Casos de test'!E2:E500,G5) -> 41
A6: Casos pendientes | B6: =COUNTIF('Casos de test'!I2:I500,"Pendiente") -> 80 | D6: En prueba | E6: =COUNTIF('Casos de test'!I2:I500,D6) -> 0 | G6: Media | H6: =COUNTIF('Casos de test'!E2:E500,G6) -> 38
A7: Casos aprobados | B7: =COUNTIF('Casos de test'!I2:I500,"Pasó") -> 0 | D7: Pasó | E7: =COUNTIF('Casos de test'!I2:I500,D7) -> 0 | G7: Baja | H7: =COUNTIF('Casos de test'!E2:E500,G7) -> 1
A8: Casos fallidos | B8: =COUNTIF('Casos de test'!I2:I500,"Falló") -> 0 | D8: Falló | E8: =COUNTIF('Casos de test'!I2:I500,D8) -> 0
A9: Casos bloqueados | B9: =COUNTIF('Casos de test'!I2:I500,"Bloqueado") -> 0 | D9: Bloqueado | E9: =COUNTIF('Casos de test'!I2:I500,D9) -> 0
A10: Casos no aplica | B10: =COUNTIF('Casos de test'!I2:I500,"No aplica") -> 0 | D10: No aplica | E10: =COUNTIF('Casos de test'!I2:I500,D10) -> 0
A11: % aprobado | B11: =IF(B5=0,0,B7/B5) -> 0
A13: Casos por módulo | B13: Cantidad
A14: Accesibilidad | B14: =COUNTIF('Casos de test'!B2:B500,A14) -> 3
A15: Auth | B15: =COUNTIF('Casos de test'!B2:B500,A15) -> 8
A16: Consola/errores | B16: =COUNTIF('Casos de test'!B2:B500,A16) -> 1
A17: Dashboard | B17: =COUNTIF('Casos de test'!B2:B500,A17) -> 7
A18: Ecosistema social | B18: =COUNTIF('Casos de test'!B2:B500,A18) -> 2
A19: Explorar | B19: =COUNTIF('Casos de test'!B2:B500,A19) -> 6
A20: Mascotas | B20: =COUNTIF('Casos de test'!B2:B500,A20) -> 10
A21: Mensajería | B21: =COUNTIF('Casos de test'!B2:B500,A21) -> 2
A22: Onboarding familia | B22: =COUNTIF('Casos de test'!B2:B500,A22) -> 6
A23: Onboarding profesional | B23: =COUNTIF('Casos de test'!B2:B500,A23) -> 3
A24: Perfil profesional | B24: =COUNTIF('Casos de test'!B2:B500,A24) -> 6
A25: Persistencia local | B25: =COUNTIF('Casos de test'!B2:B500,A25) -> 4
A26: Preferencias | B26: =COUNTIF('Casos de test'!B2:B500,A26) -> 4
A27: QR | B27: =COUNTIF('Casos de test'!B2:B500,A27) -> 2
A28: Registro | B28: =COUNTIF('Casos de test'!B2:B500,A28) -> 8
A29: Regresión | B29: =COUNTIF('Casos de test'!B2:B500,A29) -> 2
A30: Rendimiento | B30: =COUNTIF('Casos de test'!B2:B500,A30) -> 2
A31: Responsive | B31: =COUNTIF('Casos de test'!B2:B500,A31) -> 4

Sheet Casos de test
A1: ID | B1: Módulo | C1: Pantalla / Flujo | D1: Caso de prueba | E1: Prioridad | F1: Tipo | G1: Automatizable | H1: Automatización sugerida | I1: Estado | J1: Precondición | K1: Datos de prueba | L1: Pasos | M1: Resultado esperado | N1: Resultado obtenido | O1: Responsable | P1: Fecha ejecución | Q1: Bug ID / Link | R1: Observaciones
A2: QA-001 | B2: Auth | C2: Arranque de app | D2: La app abre sin crashear en web/desktop | E2: Alta | F2: Smoke | G2: Sí | H2: Smoke test | I2: Pendiente | J2: App compilada en entorno local | K2: Navegador desktop | L2: 1) Abrir la app en Chrome. 2) Esperar carga inicial. 3) Observar primera pantalla visible. | M2: La app muestra una pantalla inicial válida sin pantalla blanca, errores rojos ni bloqueo. | N2: Probado en Chrome desktop. La pantalla inicial carga correctamente, sin errores visibles. | O2: ian Bruzzone | P2: 46139 | R2: El inicio funciona correctamente, sin bugs ni errores visibles.
A3: QA-002 | B3: Auth | C3: Pantalla login/registro | D3: Selector cambia entre Iniciar sesión y Crear cuenta | E3: Alta | F3: Funcional | G3: Sí | H3: Widget test | I3: Pendiente | J3: Pantalla auth visible | K3: Click en ambas pestañas | L3: 1) Abrir auth. 2) Click en Crear cuenta. 3) Click en Iniciar sesión. | M3: El panel cambia de modo y conserva layout estable, sin saltos violentos ni overflow. | N3: Se cumple lo esperado. Al cambiar entre “Crear cuenta” e “Iniciar sesión”, el panel responde correctamente, mantiene el layout estable y no muestra saltos visuales ni overflow. | O3: ian Bruzzone | P3: 46139 | R3: Probado en Chrome desktop. Los botones del panel auth funcionan correctamente, sin bugs ni errores visibles.
A4: QA-003 | B4: Auth | C4: Pantalla login | D4: Login muestra campos principales | E4: Alta | F4: Funcional | G4: Sí | H4: Widget test | I4: Pendiente | J4: Pantalla auth visible | K4: Modo Iniciar sesión | L4: 1) Entrar a modo Iniciar sesión. 2) Revisar campos visibles. | M4: Se ven campos de email/usuario y contraseña, botones principales y acceso demo si corresponde. | N4: Resultado obtenido: Se cumple lo esperado. En modo “Iniciar sesión” se ven correctamente los campos de email/usuario y contraseña, los botones principales y el acceso demo si corresponde. | O4: ian Bruzzone | P4: 46139 | R4: Probado en Chrome desktop. La pantalla de inicio de sesión funciona correctamente, sin bugs ni errores visibles.
A5: QA-004 | B5: Auth | C5: Pantalla registro | D5: Registro muestra campos principales | E5: Alta | F5: Funcional | G5: Sí | H5: Widget test | I5: Pendiente | J5: Pantalla auth visible | K5: Modo Crear cuenta | L5: 1) Entrar a Crear cuenta. 2) Revisar campos de nombre, ciudad, correo y contraseña. | M5: Se ven todos los campos sin solaparse y sin scroll interno raro en desktop. | N5: Se cumple lo esperado. En la pantalla “Crear cuenta” se ven todos los campos correctamente, sin solaparse, sin scroll interno raro y sin franjas de overflow. | O5: ianbruzzone | P5: 46139 | R5: Probado en Chrome desktop. El formulario funciona correctamente en la resolución probada, sin bugs ni errores visibles.
A6: QA-005 | B6: Auth | C6: Login demo | D6: Acceso demo familia funciona | E6: Alta | F6: Funcional | G6: Sí | H6: Integration test | I6: Pendiente | J6: Acceso demo disponible | K6: Perfil demo familia | L6: 1) Click en demo familia. 2) Confirmar navegación. | M6: La app entra con perfil familia demo y muestra dashboard/home correcto. | N6: Se cumple lo esperado. Al hacer click en “Demo familia”, la app ingresa correctamente con el perfil familia demo y muestra el dashboard/home correspondiente sin errores. | O6: ianbruzzone | P6: 46139 | R6: Probado en Chrome desktop. La navegación con demo familia funciona correctamente, sin bugs ni errores visibles.
A7: QA-006 | B7: Auth | C7: Login demo | D7: Acceso demo profesional funciona | E7: Alta | F7: Funcional | G7: Sí | H7: Integration test | I7: Pendiente | J7: Acceso demo disponible | K7: Perfil demo profesional | L7: 1) Click en demo profesional. 2) Confirmar navegación. | M7: La app entra con perfil profesional demo y muestra estado profesional correcto. | N7: Se cumple lo esperado. Al hacer click en “Demo profesional”, la app ingresa correctamente con el perfil profesional demo y muestra el estado profesional correspondiente sin errores. | O7: ianbruzzone | P7: 46139 | R7: Probado en Chrome desktop. La navegación con demo profesional funciona correctamente, sin bugs ni errores visibles.
A8: QA-007 | B8: Auth | C8: Validaciones login | D8: Login vacío no debería avanzar | E8: Alta | F8: Validación | G8: Sí | H8: Widget test | I8: Pendiente | J8: Pantalla login visible | K8: Campos vacíos | L8: 1) Dejar campos vacíos. 2) Presionar botón principal. | M8: La app muestra validación o bloquea avance sin crashear. | N8: Se cumple lo esperado. Al dejar los campos vacíos y presionar el botón principal, la app muestra la validación correspondiente o bloquea el avance sin crashear. | O8: ianbruzzone | P8: 46139 | R8: Probado en Chrome desktop. La validación funciona correctamente, no permite avanzar con campos vacíos y no se observan bugs ni errores visibles.
A9: QA-008 | B9: Auth | C9: Google Auth visual | D9: Botón Google se ve consistente | E9: Media | F9: Visual | G9: Después | H9: Golden test futuro | I9: Pendiente | J9: Pantalla auth visible | K9: Botón Google | L9: 1) Revisar botón Google en login. 2) Revisar botón Google en registro. | M9: El botón se ve prolijo, no corta logo/texto y mantiene estilo consistente. | N9: Se cumple lo esperado a nivel visual. El botón de Google aparece correctamente en login y registro, no corta el logo ni el texto y mantiene un estilo consistente. | O9: ianbruzzone | P9: 46139 | R9: Probado en Chrome desktop. El botón de Google se ve correctamente, pero el login/registro real con Google queda pendiente porque todavía falta configurar Firebase/Google Auth.
A10: QA-009 | B10: Registro | C10: Crear cuenta | D10: Crear cuenta con datos válidos | E10: Alta | F10: Funcional | G10: Sí | H10: Integration test | I10: Pendiente | J10: Modo Crear cuenta visible | K10: Nombre: Test QA; Ciudad: Buenos Aires; email válido | L10: 1) Completar campos. 2) Elegir tipo de cuenta. 3) Crear cuenta. | M10: La cuenta se crea o avanza al onboarding sin errores visibles. | N10: No se pudo ejecutar la prueba completa porque el registro real depende de Firebase/Google Auth y todavía no está configurado en la app. | O10: ianbruzzone | P10: 46139 | R10: Caso bloqueado por configuración externa pendiente. Retomar cuando Firebase/Google Auth esté configurado para validar creación real de cuenta y avance al onboarding.
A11: QA-010 | B11: Registro | C11: Crear cuenta | D11: Correo inválido muestra validación | E11: Alta | F11: Validación | G11: Sí | H11: Widget test | I11: Pendiente | J11: Modo Crear cuenta visible | K11: Email: prueba_sin_arroba | L11: 1) Completar email inválido. 2) Presionar crear cuenta. | M11: La app no avanza y muestra feedback claro. | N11: Se cumple lo esperado. Al ingresar un email inválido y presionar “Crear cuenta”, la app no avanza y muestra feedback/bloqueo correspondiente sin errores visibles. | O11: ianbruzzone | P11: 46139 | R11: Probado en Chrome desktop. La validación de email inválido funciona correctamente, sin bugs ni errores visibles.
A12: QA-011 | B12: Registro | C12: Crear cuenta | D12: Contraseña vacía o corta no avanza | E12: Alta | F12: Validación | G12: Sí | H12: Widget test | I12: Pendiente | J12: Modo Crear cuenta visible | K12: Contraseña vacía/corta | L12: 1) Completar datos mínimos. 2) Dejar contraseña vacía o corta. 3) Crear cuenta. | M12: La app bloquea avance o muestra error entendible. | N12: Se cumple lo esperado. Al dejar la contraseña vacía o ingresar una contraseña corta, la app bloquea el avance y muestra una validación entendible sin crashear. | O12: ianbruzzone | P12: 46139 | R12: Probado en Chrome desktop. La validación de contraseña funciona correctamente, sin bugs ni errores visibles.
A13: QA-012 | B13: Registro | C13: Tipo de cuenta | D13: Elegir familia deja plan familia | E13: Alta | F13: Funcional | G13: Sí | H13: Integration test | I13: Pendiente | J13: Registro visible | K13: Tipo familia | L13: 1) Seleccionar familia. 2) Crear cuenta/continuar. 3) Revisar onboarding. | M13: El onboarding y plan activo corresponden a familia. | N13: Se cumple lo esperado. Al seleccionar “Familia” y continuar, el onboarding muestra correctamente el perfil familia y el plan activo correspondiente, sin errores visibles. | O13: ianbruzzone | P13: 46139 | R13: Caso revisado previamente en Chrome desktop. El flujo familia funciona correctamente, sin bugs ni errores visibles.
... A81: QA-080 | B81: Regresión | C81: Botones rosas | D81: Botones públicos usan rosa principal | E81: Media | F81: Regresión | G81: Sí | H81: Widget test | I81: Pendiente | J81: Secciones públicas/perfil | K81: Botones visibles | L81: 1) Revisar Ver perfil público y Abrir perfil público. | M81: Todos los botones equivalentes son rosa sólido con texto blanco. | N81: Se cumple lo esperado. Los botones “Ver perfil público” y “Abrir perfil público” mantienen el mismo estilo rosa sólido con texto blanco. | O81: ianbruzzone | P81: 46139 | R81: Probado en Chrome desktop. Funciona correctamente, sin bugs ni errores visibles.

Sheet Bugs encontrados
A1: Bug ID | B1: Fecha | C1: Caso relacionado | D1: Módulo | E1: Severidad | F1: Prioridad | G1: Estado | H1: Título | I1: Descripción | J1: Pasos para reproducir | K1: Resultado esperado | L1: Resultado actual | M1: Evidencia / captura | N1: Responsable | O1: Notas

Sheet Checklist visual
A1: ID | B1: Área | C1: Chequeo visual | D1: Pantalla | E1: Resultado esperado | F1: Estado | G1: Observaciones
A2: VIS-001 | B2: Overflow | C2: No aparecen franjas amarillas/negras | D2: Todas las pantallas críticas | E2: Sin RenderFlex overflow visible | F2: Pendiente
A3: VIS-002 | B3: Scroll | C3: No hay scroll innecesario en desktop | D3: Auth / Onboarding / Dashboard | E3: Scroll solo cuando el alto realmente no alcanza | F3: Pendiente
A4: VIS-003 | B4: Gradientes | C4: Gradiente rosa a celeste en cards definidas | D4: Onboarding superior / Perfil / Ecosistema | E4: Rosa izquierda y celeste derecha | F4: Pendiente
A5: VIS-004 | B5: Botones | C5: Botones principales usan rosa sólido | D5: Perfil público / Continuar / Acciones principales | E5: Fondo rosa y texto blanco | F5: Pendiente
A6: VIS-005 | B6: Botones | C6: Botones secundarios no compiten visualmente | D6: Toda la app | E6: Se distinguen de acciones principales | F6: Pendiente
A7: VIS-006 | B7: Cards | C7: Cards no se superponen | D7: Dashboard / Perfil / Mascotas | E7: Separación correcta | F7: Pendiente
A8: VIS-007 | B8: Cards | C8: Cards no quedan comprimidas | D8: Desktop 1365x768 | E8: Textos legibles y sin corte | F8: Pendiente
A9: VIS-008 | B9: Chips | C9: Chips se ven completos | D9: Onboarding / Ecosistema / Perfil | E9: No cortan texto ni se pisan | F9: Pendiente
A10: VIS-009 | B10: Badges | C10: Badges numéricos son cuadrados redondeados | D10: Onboarding secuencia | E10: No circulares si el diseño pide cuadrados | F10: Pendiente
A11: VIS-010 | B11: Formularios | C11: Campos alineados y con labels legibles | D11: Alta mascota / Auth | E11: Labels no quedan montados sobre texto | F11: Pendiente
A12: VIS-011 | B12: Formularios | C12: Dropdowns no rompen altura | D12: Alta mascota | E12: Selector visible y legible | F12: Pendiente
A13: VIS-012 | B13: Formularios | C13: Campos vacíos mantienen placeholder claro | D13: Alta mascota / Registro | E13: Placeholder no confunde con valor real | F13: Pendiente
... A26: VIS-025 | B26: Cierre | C26: Botones inferiores no quedan cortados | D26: Onboarding / Formularios | E26: Botón visible y alineado | F26: Pendiente

Sheet Regresión crítica
A1: Orden | B1: ID caso | C1: Módulo | D1: Caso crítico | E1: Motivo | F1: Estado | G1: Observaciones
A2: 1 | B2: QA-001 | C2: Auth | D2: La app abre sin crashear en web/desktop | E2: Bloqueante para release | F2: Pendiente
A3: 2 | B3: QA-002 | C3: Auth | D3: Selector cambia entre Iniciar sesión y Crear cuenta | E3: Bloqueante para release | F3: Pendiente
A4: 3 | B4: QA-005 | C4: Auth | D4: Acceso demo familia funciona | E4: Bloqueante para release | F4: Pendiente
A5: 4 | B5: QA-006 | C5: Auth | D5: Acceso demo profesional funciona | E5: Bloqueante para release | F5: Pendiente
A6: 5 | B6: QA-014 | C6: Registro | D6: Registro no genera overflow en desktop 1365x768 | E6: Bloqueante para release | F6: Pendiente
A7: 6 | B7: QA-016 | C7: Registro | D7: Sesión creada queda guardada | E7: Bloqueante para release | F7: Pendiente
A8: 7 | B8: QA-017 | C8: Onboarding familia | D8: Onboarding familia muestra contenido correcto | E8: Bloqueante para release | F8: Pendiente
A9: 8 | B9: QA-021 | C9: Onboarding familia | D9: Continuar como familia avanza correctamente | E9: Bloqueante para release | F9: Pendiente
A10: 9 | B10: QA-022 | C10: Onboarding familia | D10: Onboarding familia no tiene overflow | E10: Bloqueante para release | F10: Pendiente
A11: 10 | B11: QA-023 | C11: Onboarding profesional | D11: Onboarding profesional muestra contenido correcto | E11: Bloqueante para release | F11: Pendiente
A12: 11 | B12: QA-024 | C12: Onboarding profesional | D12: Continuar como profesional avanza correctamente | E12: Bloqueante para release | F12: Pendiente
A13: 12 | B13: QA-025 | C13: Onboarding profesional | D13: Onboarding profesional entra sin scroll innecesario | E13: Bloqueante para release | F13: Pendiente
... A27: 26 | B27: QA-080 | C27: Regresión | D27: Botones públicos usan rosa principal | E27: Regresión visual/funcional frecuente | F27: Pendiente

Sheet Guía de uso
A1: Guía de uso - Plan QA Mascotify
A2: Cómo usar esta plantilla | B2: Primero ejecutá los casos de la hoja Casos de test. Cambiá el Estado y completá Resultado obtenido, Responsable, Fecha y Bug ID si corresponde.
A3: Estados | B3: Pendiente = no probado. En prueba = en ejecución. Pasó = resultado correcto. Falló = bug encontrado. Bloqueado = no se pudo probar. No aplica = fuera del alcance actual.
A4: Prioridades | B4: Alta = puede bloquear release o flujo principal. Media = afecta experiencia o consistencia. Baja = mejora menor o detalle visual.
A5: Registro de bugs | B5: Cada caso fallido debería tener un Bug ID en la hoja Bugs encontrados. Adjuntá captura o link si tenés evidencia.
A6: Regresión crítica | B6: Antes de subir cambios a GitHub, corré la hoja Regresión crítica. Es la lista corta para no romper lo básico, porque aparentemente romper lo básico es deporte olímpico.
A7: Automatización | B7: Los casos marcados como Smoke/Widget/Integration son buenos candidatos para Codex cuando empiecen los tests automatizados.
A8: No automatizar todavía | B8: Golden tests visuales conviene dejarlos para después, cuando la UI deje de moverse cada cinco minutos como si tuviera vida propia.
